dj_name,youtube_hits,youtube_total_views,sample_url,reddit_posts,reddit_engagement,youtube_hits_norm,youtube_views_norm,reddit_norm,trending_score,rank
Boiler Room,8,119900131,https://www.youtube.com/watch?v=BVW0OgxeH6I,5,84,1.0,1.0,1.0,1.0,1
Solomun,1,73707530,https://www.youtube.com/watch?v=bk6Xst6euQk,0,0,0.125,0.6147410297658473,0.0,0.2714093604180466,2
Fred again..,1,52571827,https://www.youtube.com/watch?v=c0-hvjV2A5Y,0,0,0.125,0.4384634658989655,0.0,0.20971221306463791,3
Charli xcx,2,16817978,https://www.youtube.com/watch?v=T3gcbYL2VMg,0,0,0.25,0.14026655233596033,0.0,0.16159329331758612,4
Kaytranada,1,24749071,https://www.youtube.com/watch?v=-5EQIiabJvk,0,0,0.125,0.20641404470191946,0.0,0.1284949156456718,5
¥ØU$UK€ ¥UK1MAT$U,1,18621266,https://www.youtube.com/watch?v=T1tcUfUhR5U,0,0,0.125,0.15530646918142232,0.0,0.11060726421349781,6
Sama' Abdulhadi,1,14935584,https://www.youtube.com/watch?v=x9VYKrtziSg,0,0,0.125,0.12456686973928327,0.0,0.09984840440874915,7
Chase & Status,1,14028802,https://www.youtube.com/watch?v=Zy_JR9_Y8dE,0,0,0.125,0.11700405898639094,0.0,0.09720142064523682,8
Sara Landry,1,11006996,https://www.youtube.com/watch?v=EIQlDpgAY5Y,0,0,0.125,0.09180136758983191,0.0,0.08838047865644116,9
riria,1,4877358,https://www.youtube.com/watch?v=Fa8LQLy4C5A,0,0,0.125,0.04067850434625463,0.0,0.07048747652118913,10
Acid Pauli,1,4846874,https://www.youtube.com/watch?v=EfZu4BCi644,0,0,0.125,0.04042425941969988,0.0,0.07039849079689496,11
Funk Tribu,1,4808534,https://www.youtube.com/watch?v=cmUov7X5Pjc,0,0,0.125,0.04010449329700899,0.0,0.07028657265395315,12
Jyoty,1,4423268,https://www.youtube.com/watch?v=2VrztYTNYT8,0,0,0.125,0.036891269117962845,0.0,0.06916194419128699,13
Underworld,1,3686244,https://www.youtube.com/watch?v=rAOHJqJMYDA,0,0,0.125,0.03074428667638403,0.0,0.06701050033673442,14
Folamour,1,3664313,https://www.youtube.com/watch?v=IC5EOU0vZjw,0,0,0.125,0.030561376117262125,0.0,0.06694648164104175,15
Novah,1,1999591,https://www.youtube.com/watch?v=t3dIgXOIuko,1,2,0.125,0.016677137742243168,0.023809523809523808,0.06684890297168987,16
Skream b2b Disclosure,1,3516327,https://www.youtube.com/watch?v=e8WVP3ClDsM,0,0,0.125,0.02932713226143181,0.0,0.06651449629150114,17
100 gecs,1,3414387,https://www.youtube.com/watch?v=8NWHnWbpxmc,0,0,0.125,0.02847692468325994,0.0,0.06621692363914097,18
Minna-no-kimochi (みんなのきもち),1,3366849,https://www.youtube.com/watch?v=djGlyTcW30Q,0,0,0.125,0.028080444716111277,0.0,0.06607815565063895,19
Marlon Hoffstadt B2B Malugi,1,3303459,https://www.youtube.com/watch?v=j6QqIbRPQ34,0,0,0.125,0.027551754718266323,0.0,0.0658931141513932,20
I Hate Models,1,2975155,https://www.youtube.com/watch?v=8CT6HxYA0cg,0,0,0.125,0.024813609252853943,0.0,0.06493476323849888,21
Chris Stussy,1,2913612,https://www.youtube.com/watch?v=42XFNGZrpaQ,0,0,0.125,0.024300323741931525,0.0,0.06475511330967604,22
Peggy Gou,1,2826889,https://www.youtube.com/watch?v=nKHpbiYCtDQ,0,0,0.125,0.023577030120175597,0.0,0.06450196054206146,23
Rebecca Black,1,2705852,https://www.youtube.com/watch?v=vkcyXB08BBE,0,0,0.125,0.022567548320693662,0.0,0.06414864191224279,24
Marlon Hoffstadt,1,2630227,https://www.youtube.com/watch?v=RPaZvCNd6P4,0,0,0.125,0.021936815064864276,0.0,0.0639278852727025,25
nasthug,1,2424289,https://www.youtube.com/watch?v=BFQ8gqvkjz8,0,0,0.125,0.020219235623687517,0.0,0.06332673246829063,26
Mall Grab,1,2371858,https://www.youtube.com/watch?v=ddeAyYF_uwg,0,0,0.125,0.019781946693619542,0.0,0.06317368134276684,27
Armand Van Helden,1,2257432,https://www.youtube.com/watch?v=VflpW-6ezIQ,0,0,0.125,0.01882760244857447,0.0,0.06283966085700107,28
VTSS b2b KI/KI,1,2132650,https://www.youtube.com/watch?v=I1mhJjxtJx4,0,0,0.125,0.01778688632125014,0.0,0.06247541021243755,29
Tale Of Us,1,2104324,https://www.youtube.com/watch?v=8v_3k-94n30,0,0,0.125,0.017550639706974132,0.0,0.062392723897440945,30
Floating Points (5 Hour Set),1,1973148,https://www.youtube.com/watch?v=kiy05zewUpg,0,0,0.125,0.016456595864770156,0.0,0.062009808552669556,31
Bicep,1,1882342,https://www.youtube.com/watch?v=wPIFUWOLc2A,0,0,0.125,0.015699248902405285,0.0,0.06174473711584185,32
salute,1,1805457,https://www.youtube.com/watch?v=rvGABUgyCOA,0,0,0.125,0.015058006900759766,0.0,0.06152030241526592,33
Klangkuenstler,1,1804033,https://www.youtube.com/watch?v=RMLBjvvtXyk,0,0,0.125,0.015046130349932645,0.0,0.061516145622476426,34
KOLLIN,1,1793534,https://www.youtube.com/watch?v=GaoVTatNllI,0,0,0.125,0.014958565808405997,0.0,0.0614854980329421,35
Anastazja,1,1699703,https://www.youtube.com/watch?v=0quGiMeWwWc,0,0,0.125,0.014175989515807952,0.0,0.06121159633053278,36
bullet tooth,1,1514287,https://www.youtube.com/watch?v=l3dy_6e-fSs,0,0,0.125,0.01262956918704284,0.0,0.06067034921546499,37
Sammy Virji,1,1496751,https://www.youtube.com/watch?v=6zPr1rk0Ans,0,0,0.125,0.012483314134160537,0.0,0.060619159946956186,38
Zack Fox,1,1423581,https://www.youtube.com/watch?v=MieRtF-IpQA,0,0,0.125,0.011873056252123695,0.0,0.060405569688243295,39
KETTAMA,1,1344556,https://www.youtube.com/watch?v=JUDUC87VuPU,0,0,0.125,0.011213966063139664,0.0,0.06017488812209888,40
Romy,1,1161058,https://www.youtube.com/watch?v=-thQ8NNWtFE,0,0,0.125,0.009683542380783554,0.0,0.059639239833274245,41
KI/KI,1,1155441,https://www.youtube.com/watch?v=obByzP5X3mc,0,0,0.125,0.009636695059157192,0.0,0.059622843270705016,42
ANOTR,1,1123222,https://www.youtube.com/watch?v=_Dr0YqLOW1E,0,0,0.125,0.009367979756419115,0.0,0.05952879291474669,43
Interplanetary Criminal,1,998155,https://www.youtube.com/watch?v=qVzW8WpOpvw,0,0,0.125,0.008324886650874469,0.0,0.05916371032780607,44
DJ HEARTSTRING,1,978024,https://www.youtube.com/watch?v=bRH1iHOs6ew,0,0,0.125,0.008156988585775607,0.0,0.05910494600502146,45
Caribou,1,832446,https://www.youtube.com/watch?v=uCZ-5pJP2Js,0,0,0.125,0.006942828110838344,0.0,0.058679989838793425,46
Tinashe + Friends,1,739287,https://www.youtube.com/watch?v=ZIl27YEX3a0,0,0,0.125,0.00616585648267557,0.0,0.05840804976893645,47
Skin On Skin,1,667866,https://www.youtube.com/watch?v=HutAae6vSGg,0,0,0.125,0.0055701857406644534,0.0,0.05819956500923256,48
Andy C,1,640765,https://www.youtube.com/watch?v=23Oh1LHavuE,0,0,0.125,0.005344155962598573,0.0,0.0581204545869095,49
Silva Bumpa,1,212630,https://www.youtube.com/watch?v=i5FWcMSOUao,0,0,0.125,0.0017733925578446617,0.0,0.05687068739524563,50
Restricted,1,139333,https://www.youtube.com/watch?v=bDct4Rw7TfI,0,0,0.125,0.0011620754609517482,0.0,0.05665672641133311,51
Fcukers,1,70269,https://www.youtube.com/watch?v=3jIVX95zSWM,0,0,0.125,0.0005860627458363661,0.0,0.05645512196104273,52
